{"sum": 716145.0, "avr": 552.5810185185185, "sumMD": 18906.0, "avrMD": 525.1666666666666, "sumSD": 18906.0, "avrSD": 525.1666666666666, "max": 998.0, "min": 998.0}